,sale price,address,latitude,longitude,neighborhood,burough,zip code,gross sq feet,land sq feet
1,575000,"2039 EAST 68TH STREET, BERGEN BEACH, BROOKLYN, NEW YORK, NY, 11234",40.6194117,-73.9105052,BERGEN BEACH,BROOKLYN,11234,1944,2300
4,470000,"2746 FULTON STREET, CYPRESS HILLS, BROOKLYN, NEW YORK, NY, 11207",40.6776278,-73.8932126938647,CYPRESS HILLS,BROOKLYN,11207,1900,2500
6,810000,"33 ESCANABA AVENUE, GREAT KILLS, STATEN ISLAND, NEW YORK, NY, 10308",40.5490828,-74.1592778,GREAT KILLS,STATEN ISLAND,10308,3000,4500
8,1300000,"301 EVERGREEN AVENUE, BUSHWICK, BROOKLYN, NEW YORK, NY, 11221",40.6947925,-73.9245204005701,BUSHWICK,BROOKLYN,11221,1920,1600
12,1425000,"366 WEST 11TH   STREET, GREENWICH VILLAGE-WEST, MANHATTAN, NEW YORK, NY, 10014",40.734034,-73.99505,GREENWICH VILLAGE-WEST,MANHATTAN,10014, -  , -  
13,600000,"132-29 BLOSSOM AVENUE, FLUSHING-NORTH, QUEENS, NEW YORK, NY, 11355",40.752031,-73.8312977,FLUSHING-NORTH,QUEENS,11355, -  , -  
16,1660000,"309 EAST 49TH STREET, MIDTOWN EAST, MANHATTAN, NEW YORK, NY, 10017",40.7576083,-73.976936,MIDTOWN EAST,MANHATTAN,10017, -  , -  
20,6065280,"1077 NEW YORK AVENUE, FLATBUSH-EAST, BROOKLYN, NEW YORK, NY, 11203",40.64677695,-73.9459277994573,FLATBUSH-EAST,BROOKLYN,11203,22120,7900
24,872000,"550 VANDERBILT AVENUE, PROSPECT HEIGHTS, BROOKLYN, NEW YORK, NY, 11238",40.6803931,-73.9681304,PROSPECT HEIGHTS,BROOKLYN,11238,0,0
27,567000,"104-76 109TH STREET, RICHMOND HILL, QUEENS, NEW YORK, NY, 11419",40.681968,-73.8322501811224,RICHMOND HILL,QUEENS,11419,2112,2622
28,1225000,"306 LINDEN STREET, BUSHWICK, BROOKLYN, NEW YORK, NY, 11237",40.6983427,-73.9143119787032,BUSHWICK,BROOKLYN,11237,3021,1502
32,33900,"102 WEST 57TH STREET, MIDTOWN WEST, MANHATTAN, NEW YORK, NY, 10019",40.766287,-73.981848,MIDTOWN WEST,MANHATTAN,10019,112850,7532
33,909297,"1809 EMMONS AVENUE, SHEEPSHEAD BAY, BROOKLYN, NEW YORK, NY, 0",40.5840323,-73.9502102192455,SHEEPSHEAD BAY,BROOKLYN,0,0,0
34,760000,"83-57 264TH   STREET, FLORAL PARK, QUEENS, NEW YORK, NY, 11004",40.7384062,-73.70446895,FLORAL PARK,QUEENS,11004,2704,2200
35,1070000,"10 PRAGUE COURT, PRINCES BAY, STATEN ISLAND, NEW YORK, NY, 10309",40.5184597,-74.1987145,PRINCES BAY,STATEN ISLAND,10309,3910,9434
38,18000000,"53 NORTH MOORE STREET, TRIBECA, MANHATTAN, NEW YORK, NY, 10013",40.7200872,-74.0088971,TRIBECA,MANHATTAN,10013, -  , -  
40,269000,"78-37 CLOVERDALE BLVD, B, OAKLAND GARDENS, QUEENS, NEW YORK, NY, 11364",40.7582138,-73.756116,OAKLAND GARDENS,QUEENS,11364, -  , -  
44,590000,"120-14 RIVIERA COURT, COLLEGE POINT, QUEENS, NEW YORK, NY, 11356",40.7948895,-73.8474649,COLLEGE POINT,QUEENS,11356, -  , -  
52,672500,"1409 REED PLACE, COUNTRY CLUB, BRONX, NEW YORK, NY, 10465",40.84124045,-73.8194562,COUNTRY CLUB,BRONX,10465,2635,2600
56,1230911,"138-35 39TH   AVENUE, FLUSHING-NORTH, QUEENS, NEW YORK, NY, 11354",40.7610935,-73.8273096,FLUSHING-NORTH,QUEENS,11354, -  , -  
58,800000,"64-14 184TH STREET, FRESH MEADOWS, QUEENS, NEW YORK, NY, 11365",40.73762485,-73.789442,FRESH MEADOWS,QUEENS,11365,1058,4000
62,370000,"63-85 WOODHAVEN BOULEVARD, REGO PARK, QUEENS, NEW YORK, NY, 11374",40.7221556,-73.8665922535995,REGO PARK,QUEENS,11374, -  , -  
64,973447,"138-35 39TH   AVENUE, FLUSHING-NORTH, QUEENS, NEW YORK, NY, 11354",40.7610935,-73.8273096,FLUSHING-NORTH,QUEENS,11354, -  , -  
65,302100,"90 MC LAUGHLIN STREET, SOUTH BEACH, STATEN ISLAND, NEW YORK, NY, 10305",40.5892214,-74.0728925597695,SOUTH BEACH,STATEN ISLAND,10305,1680,850
66,18000,"4212 GUNTHER AVENUE, WAKEFIELD, BRONX, NEW YORK, NY, 10466",40.8944156,-73.8497384533722,WAKEFIELD,BRONX,10466,1208,2379
69,1063000,"34-32 35TH   STREET, ASTORIA, QUEENS, NEW YORK, NY, 11106",40.75737535,-73.924960243772,ASTORIA,QUEENS,11106, -  , -  
71,1162500,"184 THOMPSON STREET, GREENWICH VILLAGE-CENTRAL, MANHATTAN, NEW YORK, NY, 10012",40.7281668,-73.9997694,GREENWICH VILLAGE-CENTRAL,MANHATTAN,10012, -  , -  
72,615000,"189 EVERGREEN STREET, GREAT KILLS, STATEN ISLAND, NEW YORK, NY, 10308",40.55788775,-74.1422052852665,GREAT KILLS,STATEN ISLAND,10308,2355,3826
79,2000000,"1910 OCEAN AVENUE, MIDWOOD, BROOKLYN, NEW YORK, NY, 11230",40.61524895,-73.9547958867987,MIDWOOD,BROOKLYN,11230,4000,5030
81,3550000,"477 13TH   STREET, PARK SLOPE, BROOKLYN, NEW YORK, NY, 11215",40.6629586,-73.979998,PARK SLOPE,BROOKLYN,11215,2850,1950
82,990000,"109-38 123RD STREET, SOUTH OZONE PARK, QUEENS, NEW YORK, NY, 11420",40.68213325,-73.8183684119686,SOUTH OZONE PARK,QUEENS,11420,2832,4100
83,1225000,"303 23RD STREET, SUNSET PARK, BROOKLYN, NEW YORK, NY, 11215",40.6586857,-73.9917960561542,SUNSET PARK,BROOKLYN,11215,660,2763
84,297500,"1216 EAST 82ND STREET, CANARSIE, BROOKLYN, NEW YORK, NY, 11236",40.63098,-73.9060348644043,CANARSIE,BROOKLYN,11236,0,0
86,420000,"145-39 TUSKEGEE AIRMEN WAY, SOUTH JAMAICA, QUEENS, NEW YORK, NY, 11435",40.69308,-73.803818,SOUTH JAMAICA,QUEENS,11435,1998,2500
90,485000,"54 GANSEVOORT BOULEVARD, CASTLETON CORNERS, STATEN ISLAND, NEW YORK, NY, 10314",40.61112495,-74.1278129,CASTLETON CORNERS,STATEN ISLAND,10314,1560,4800
92,205000,"1063 JEFFERSON AVENUE, BUSHWICK, BROOKLYN, NEW YORK, NY, 11221",40.68801685,-73.91675265,BUSHWICK,BROOKLYN,11221,2880,2000
93,999000,"3506 FARRAGUT ROAD, FLATBUSH-EAST, BROOKLYN, NEW YORK, NY, 11210",40.6364955714286,-73.9430102653061,FLATBUSH-EAST,BROOKLYN,11210,3580,5700
96,645000,"133 SPRAGUE AVENUE, TOTTENVILLE, STATEN ISLAND, NEW YORK, NY, 10307",40.50819705,-74.238805,TOTTENVILLE,STATEN ISLAND,10307,3100,6750
97,588000,"1 BAY CLUB DRIVE, BAYSIDE, QUEENS, NEW YORK, NY, 11360",40.778486,-73.781053,BAYSIDE,QUEENS,11360, -  , -  
100,975000,"62-43 99TH STREET, REGO PARK, QUEENS, NEW YORK, NY, 11374",40.73387815,-73.8575167214387,REGO PARK,QUEENS,11374,1440,4500
101,1629200,"50 GREENPOINT AVENUE, GREENPOINT, BROOKLYN, NEW YORK, NY, 11222",40.7296692631579,-73.9589284210526,GREENPOINT,BROOKLYN,11222,0,0
104,769000,"195 SPENCER STREET, BEDFORD STUYVESANT, BROOKLYN, NEW YORK, NY, 11205",40.69235315,-73.9545053312385,BEDFORD STUYVESANT,BROOKLYN,11205,0,0
105,832928,"106 WHITMAN AVENUE, GREAT KILLS, STATEN ISLAND, NEW YORK, NY, 10308",40.5445195,-74.14312725,GREAT KILLS,STATEN ISLAND,10308, -  ,3800
106,955000,"111-42 42ND AVENUE, CORONA, QUEENS, NEW YORK, NY, 11368",40.75050655,-73.85355945,CORONA,QUEENS,11368,1960,2500
111,425880,"1235 FOREST HILL ROAD, WILLOWBROOK, STATEN ISLAND, NEW YORK, NY, 10314",40.5892863,-74.144953,WILLOWBROOK,STATEN ISLAND,10314, -  , -  
112,2400000,"181 MADISON STREET, BEDFORD STUYVESANT, BROOKLYN, NEW YORK, NY, 11216",40.68475705,-73.9517829,BEDFORD STUYVESANT,BROOKLYN,11216,3542,3036
113,1450000,"191 80TH   STREET, BAY RIDGE, BROOKLYN, NEW YORK, NY, 11209",40.6288283,-74.0325805702155,BAY RIDGE,BROOKLYN,11209,2617,4373
115,1800000,"356 BROADWAY, CHINATOWN, MANHATTAN, NEW YORK, NY, 10013",40.7138283,-73.9929765,CHINATOWN,MANHATTAN,10013, -  , -  
116,525000,"29 MORGAN LANE, BULLS HEAD, STATEN ISLAND, NEW YORK, NY, 10314",40.61201035,-74.162342241219,BULLS HEAD,STATEN ISLAND,10314,1280,2730
117,80000,"44-27 PURVES STREET, LONG ISLAND CITY, QUEENS, NEW YORK, NY, 11101",40.74677185,-73.940721145483,LONG ISLAND CITY,QUEENS,11101, -  , -  
118,1060000,"657 46TH   STREET, SUNSET PARK, BROOKLYN, NEW YORK, NY, 11220",40.6451753,-74.0040386673617,SUNSET PARK,BROOKLYN,11220,1880,2003
120,960000,"2728 THOMSON AVENUE, LONG ISLAND CITY, QUEENS, NEW YORK, NY, 11101",40.7455819,-73.9392201,LONG ISLAND CITY,QUEENS,11101, -  , -  
126,234900,"100 COLFAX AVENUE, GRANT CITY, STATEN ISLAND, NEW YORK, NY, 10306",40.5795929,-74.1074795,GRANT CITY,STATEN ISLAND,10306, -  , -  
127,1400000,"18-05 154TH   STREET, WHITESTONE, QUEENS, NEW YORK, NY, 11357",40.7777945,-73.8090843,WHITESTONE,QUEENS,11357,2967,2900
130,800000,"1166 EAST 32ND   STREET, FLATBUSH-EAST, BROOKLYN, NEW YORK, NY, 11210",40.634117,-73.945868,FLATBUSH-EAST,BROOKLYN,11210,1360,2000
131,1150000,"100-08 67TH DRIVE, REGO PARK, QUEENS, NEW YORK, NY, 11375",40.7164457,-73.8601815,REGO PARK,QUEENS,11375,1444,1958
134,750000,"88-25 87TH   STREET, WOODHAVEN, QUEENS, NEW YORK, NY, 11421",40.6903322,-73.8561619056866,WOODHAVEN,QUEENS,11421,2280,2000
135,1820000,"1815 VICTORY BOULEVARD, CASTLETON CORNERS, STATEN ISLAND, NEW YORK, NY, 10314",40.613258,-74.1239172,CASTLETON CORNERS,STATEN ISLAND,10314,4480,5116
136,100000,"3553 12TH AVENUE, KENSINGTON, BROOKLYN, NEW YORK, NY, 11218",40.6436909,-73.9857897360447,KENSINGTON,BROOKLYN,11218,3000,3120
137,3229000,"160 EAST 22ND STREET, GRAMERCY, MANHATTAN, NEW YORK, NY, 10010",40.73812925,-73.9840156730139,GRAMERCY,MANHATTAN,10010, -  , -  
138,890000,"260-16 69TH AVENUE, GLEN OAKS, QUEENS, NEW YORK, NY, 11004",40.7541874,-73.7211281462082,GLEN OAKS,QUEENS,11004,1114,9545
140,850000,"35-50 98TH STREET, CORONA, QUEENS, NEW YORK, NY, 11368",40.75231155,-73.8695091629644,CORONA,QUEENS,11368,3600,5150
141,329000,"1065 VERMONT STREET, EAST NEW YORK, BROOKLYN, NEW YORK, NY, 11207",40.654186,-73.8846784,EAST NEW YORK,BROOKLYN,11207,0,0
143,2800000,"69-15 ASTORIA BLVD, JACKSON HEIGHTS, QUEENS, NEW YORK, NY, 11370",40.7649614,-73.8872546,JACKSON HEIGHTS,QUEENS,11370,6912,9613
144,28000000,"423 BROADWAY, SOHO, MANHATTAN, NEW YORK, NY, 10013",40.7198106,-74.0019017846409,SOHO,MANHATTAN,10013,4808,2504
146,675000,"1241 42ND   STREET, BOROUGH PARK, BROOKLYN, NEW YORK, NY, 11219",40.63977835,-73.9890147,BOROUGH PARK,BROOKLYN,11219,0,0
147,10250000,"114 FORREST STREET, BUSHWICK, BROOKLYN, NEW YORK, NY, 11206",40.7029872,-73.9319891,BUSHWICK,BROOKLYN,11206,30340,10000
148,484000,"123 RAMBLEWOOD AVENUE, GREAT KILLS, STATEN ISLAND, NEW YORK, NY, 10308",40.54549445,-74.1546800933971,GREAT KILLS,STATEN ISLAND,10308,1176,3800
149,300000,"434 PORT RICHMOND AVENUE, PORT RICHMOND, STATEN ISLAND, NEW YORK, NY, 10302",40.6316118,-74.1386018659598,PORT RICHMOND,STATEN ISLAND,10302,2665,2663
151,328000,"85-23 BROADWAY, ELMHURST, QUEENS, NEW YORK, NY, 11373",40.7439153,-73.8849347,ELMHURST,QUEENS,11373, -  , -  
153,475000,"987 PIERCE AVENUE, MORRIS PARK/VAN NEST, BRONX, NEW YORK, NY, 10462",40.8449189,-73.8543016686439,MORRIS PARK/VAN NEST,BRONX,10462,1370,1518
156,2265000,"86 VISITATION PLACE, RED HOOK, BROOKLYN, NEW YORK, NY, 11231",40.6789643,-74.0093859125629,RED HOOK,BROOKLYN,11231,1000,2000
158,755000,"40-26 COLLEGE POINT BLVD, FLUSHING-NORTH, QUEENS, NEW YORK, NY, 11354",40.7577892,-73.8341437,FLUSHING-NORTH,QUEENS,11354, -  , -  
159,1210000,"34 NORTH 7TH   STREET, WILLIAMSBURG-NORTH, BROOKLYN, NEW YORK, NY, 11249",40.720655,-73.962433,WILLIAMSBURG-NORTH,BROOKLYN,11249,0,0
160,420000,"185-27 HENDERSON AVENUE, HOLLIS, QUEENS, NEW YORK, NY, 11423",40.70789525,-73.7718513,HOLLIS,QUEENS,11423,1683,1800
162,360000,"48 JENNIFER PLACE, BULLS HEAD, STATEN ISLAND, NEW YORK, NY, 10314",40.6107486,-74.1583562,BULLS HEAD,STATEN ISLAND,10314, -  , -  
164,460000,"109-26 126TH STREET, SOUTH OZONE PARK, QUEENS, NEW YORK, NY, 11420",40.68319325,-73.8158727968987,SOUTH OZONE PARK,QUEENS,11420,1234,2000
166,935000,"184 THOMPSON STREET, GREENWICH VILLAGE-CENTRAL, MANHATTAN, NEW YORK, NY, 10012",40.7281668,-73.9997694,GREENWICH VILLAGE-CENTRAL,MANHATTAN,10012, -  , -  
167,585000,"11542 114TH PLACE, SOUTH OZONE PARK, QUEENS, NEW YORK, NY, 11420",40.671373,-73.825471,SOUTH OZONE PARK,QUEENS,11420,1280,2650
172,493000,"221-20 105TH AVENUE, QUEENS VILLAGE, QUEENS, NEW YORK, NY, 11429",40.71026195,-73.7331490155451,QUEENS VILLAGE,QUEENS,11429,1200,2600
176,300000,"122 CRYSTAL STREET, EAST NEW YORK, BROOKLYN, NEW YORK, NY, 11208",40.6757894,-73.8747853944861,EAST NEW YORK,BROOKLYN,11208,2430,2000
177,1240000,"80 JOHN STREET, FINANCIAL, MANHATTAN, NEW YORK, NY, 10038",40.7083109,-74.0068467,FINANCIAL,MANHATTAN,10038, -  , -  
178,843111,"34-32 35TH   STREET, ASTORIA, QUEENS, NEW YORK, NY, 11106",40.75737535,-73.924960243772,ASTORIA,QUEENS,11106, -  , -  
179,1115000,"247 WEST 46TH   STREET, MIDTOWN WEST, MANHATTAN, NEW YORK, NY, 10036",40.7598078,-73.9876125,MIDTOWN WEST,MANHATTAN,10036, -  , -  
180,879000,"9017 RIDGE BOULEVARD, BAY RIDGE, BROOKLYN, NEW YORK, NY, 11209",40.6208361,-74.03479495,BAY RIDGE,BROOKLYN,11209,1248,2000
181,4025000,"882 CARROLL STREET, PARK SLOPE, BROOKLYN, NEW YORK, NY, 11215",40.67137045,-73.9721111181017,PARK SLOPE,BROOKLYN,11215,4733,1840
182,535000,"61 BARB STREET, ANNADALE, STATEN ISLAND, NEW YORK, NY, 10312",40.54143505,-74.1759744573928,ANNADALE,STATEN ISLAND,10312,1339,1585
184,320000,"37-13 107TH   STREET, CORONA, QUEENS, NEW YORK, NY, 11368",40.7535282,-73.861282,CORONA,QUEENS,11368, -  , -  
185,1250000,"BEACH 9TH   STREET, FAR ROCKAWAY, QUEENS, NEW YORK, NY, 0",40.5965677,-73.7441746,FAR ROCKAWAY,QUEENS,0, -  ,12606
186,545000,"60 ROANOKE STREET, WILLOWBROOK, STATEN ISLAND, NEW YORK, NY, 10314",40.5972869,-74.1347776899846,WILLOWBROOK,STATEN ISLAND,10314,1456,2332
187,3000000,"75 WALL STREET, FINANCIAL, MANHATTAN, NEW YORK, NY, 10005",40.7051991,-74.0076662,FINANCIAL,MANHATTAN,10005, -  , -  
190,686000,"57-54 81ST STREET, MIDDLE VILLAGE, QUEENS, NEW YORK, NY, 11379",40.72760895,-73.8804802490701,MIDDLE VILLAGE,QUEENS,11379,1386,2150
194,508106,"154 BURKE AVENUE, TRAVIS, STATEN ISLAND, NEW YORK, NY, 10314",40.5921326455696,-74.1861256075949,TRAVIS,STATEN ISLAND,10314,1847,2500
195,420000,"36 INNIS STREET, PORT RICHMOND, STATEN ISLAND, NEW YORK, NY, 10302",40.6335649,-74.1426084965313,PORT RICHMOND,STATEN ISLAND,10302,1776,2500
196,455000,"34-44 82ND   STREET, JACKSON HEIGHTS, QUEENS, NEW YORK, NY, 11372",40.7524072,-73.8850492817997,JACKSON HEIGHTS,QUEENS,11372, -  , -  
205,900000,"1444 FLATBUSH AVENUE, FLATBUSH-CENTRAL, BROOKLYN, NEW YORK, NY, 11210",40.6353665,-73.9508616635714,FLATBUSH-CENTRAL,BROOKLYN,11210,2200,2000
209,4085000,"109 GREENE STREET, SOHO, MANHATTAN, NEW YORK, NY, 10012",40.72472625,-73.9998597898574,SOHO,MANHATTAN,10012, -  , -  
215,1830758,"337 CARROLL STREET, GOWANUS, BROOKLYN, NEW YORK, NY, 11231",40.6783084,-73.9894551,GOWANUS,BROOKLYN,11231,0,0
216,1160000,"112-21 JAMAICA AVENUE, RICHMOND HILL, QUEENS, NEW YORK, NY, 11418",40.6996924,-73.8321223,RICHMOND HILL,QUEENS,11418,4000,2100
217,470000,"131-15 230TH   STREET, LAURELTON, QUEENS, NEW YORK, NY, 11413",40.6790683,-73.7385831907895,LAURELTON,QUEENS,11413,1635,4000
218,999000,"247 DRIGGS AVENUE, GREENPOINT, BROOKLYN, NEW YORK, NY, 0",40.72253645,-73.9477196411206,GREENPOINT,BROOKLYN,0,0,0
220,838000,"51-15 69TH STREET, ELMHURST, QUEENS, NEW YORK, NY, 11377",40.73474905,-73.89574955,ELMHURST,QUEENS,11377,1777,1746
222,710471,"131-03 40TH   ROAD, FLUSHING-NORTH, QUEENS, NEW YORK, NY, 11354",40.7560827,-73.8357912,FLUSHING-NORTH,QUEENS,11354, -  , -  
224,532000,"28 MEMO STREET, PRINCES BAY, STATEN ISLAND, NEW YORK, NY, 10309",40.5159453,-74.1979274723858,PRINCES BAY,STATEN ISLAND,10309,2050,4000
227,700000,"2350 WEST 11TH   STREET, GRAVESEND, BROOKLYN, NEW YORK, NY, 11223",40.59015245,-73.9815039090617,GRAVESEND,BROOKLYN,11223,1958,5000
229,997500,"2139 CORTELYOU ROAD, FLATBUSH-CENTRAL, BROOKLYN, NEW YORK, NY, 11226",40.6442112432432,-73.9575567027027,FLATBUSH-CENTRAL,BROOKLYN,11226,2400,1690
230,1285000,"1473 DEAN STREET, CROWN HEIGHTS, BROOKLYN, NEW YORK, NY, 11213",40.6765009,-73.9395014,CROWN HEIGHTS,BROOKLYN,11213,1568,2063
233,770000,"616 79TH STREET, BAY RIDGE, BROOKLYN, NEW YORK, NY, 11209",40.62466455,-74.021148811182,BAY RIDGE,BROOKLYN,11209,2010,1600
236,648746,"11-46 129TH   STREET, COLLEGE POINT, QUEENS, NEW YORK, NY, 11356",40.7864984,-73.8395251407239,COLLEGE POINT,QUEENS,11356,3000,3500
238,2695000,"212 WARREN STREET, TRIBECA, MANHATTAN, NEW YORK, NY, 10282",40.7164234,-74.0129331,TRIBECA,MANHATTAN,10282, -  , -  
239,1900000,"61-15 71ST AVE, RIDGEWOOD, QUEENS, NEW YORK, NY, 11385",40.70222425,-73.8944513328256,RIDGEWOOD,QUEENS,11385,4500,4800
241,13000,"85-24 57TH   AVENUE, ELMHURST, QUEENS, NEW YORK, NY, 11373",40.7319242,-73.8767116,ELMHURST,QUEENS,11373, -  , -  
242,830000,"555 WASHINGTON AVE, CLINTON HILL, BROOKLYN, NEW YORK, NY, 11238",40.681475826087,-73.9644049130435,CLINTON HILL,BROOKLYN,11238,0,0
243,480000,"5-40 115TH STREET, COLLEGE POINT, QUEENS, NEW YORK, NY, 11356",40.7900533,-73.8530891117064,COLLEGE POINT,QUEENS,11356, -  , -  
247,800000,"992 RUTLAND ROAD, FLATBUSH-NORTH, BROOKLYN, NEW YORK, NY, 11212",40.6622221,-73.926389,FLATBUSH-NORTH,BROOKLYN,11212,3480,2000
248,490000,"578 ARDEN AVENUE, ANNADALE, STATEN ISLAND, NEW YORK, NY, 10312",40.5477423,-74.1833695574582,ANNADALE,STATEN ISLAND,10312,1290,4200
249,210000,"674 REMSEN AVENUE, CANARSIE, BROOKLYN, NEW YORK, NY, 11236",40.6468941,-73.9133737,CANARSIE,BROOKLYN,11236,1766,2200
254,370000,"1223 EAST 34TH   STREET, FLATBUSH-EAST, BROOKLYN, NEW YORK, NY, 11210",40.647035,-73.945284,FLATBUSH-EAST,BROOKLYN,11210,1260,2100
258,360000,"1457 WEST 5TH   STREET, GRAVESEND, BROOKLYN, NEW YORK, NY, 11204",40.6115935714286,-73.9792028571429,GRAVESEND,BROOKLYN,11204,0,0
260,855000,"1583 EAST 15TH   STREET, MIDWOOD, BROOKLYN, NEW YORK, NY, 11230",40.6108048,-73.9584517140594,MIDWOOD,BROOKLYN,11230,3160,1500
262,288990,"914 EAST 106TH STREET, CANARSIE, BROOKLYN, NEW YORK, NY, 11236",40.64750305,-73.8938318599028,CANARSIE,BROOKLYN,11236,0,0
263,150000,"2741 FULTON STREET, CYPRESS HILLS, BROOKLYN, NEW YORK, NY, 11207",40.6779027,-73.8933566,CYPRESS HILLS,BROOKLYN,11207,800,2500
265,1200000,"60-69 70TH   AVENUE, RIDGEWOOD, QUEENS, NEW YORK, NY, 11385",40.70242135,-73.8964600705615,RIDGEWOOD,QUEENS,11385,3372,2017
267,150000,"40-37 204TH STREET, BAYSIDE, QUEENS, NEW YORK, NY, 11361",40.7610658,-73.7804177930483,BAYSIDE,QUEENS,11361,1632,4000
272,140000,"1575 ODELL STREET, PARKCHESTER, BRONX, NEW YORK, NY, 10462",40.83886815,-73.8552077908824,PARKCHESTER,BRONX,10462,0,0
273,51100000,"106 FULTON STREET, FINANCIAL, MANHATTAN, NEW YORK, NY, 10038",40.7095842,-74.007034739265,FINANCIAL,MANHATTAN,10038,74863,5646
276,687000,"63-11 DOUGLASTON PARKWAY, DOUGLASTON, QUEENS, NEW YORK, NY, 11362",40.761027,-73.742342,DOUGLASTON,QUEENS,11362, -  , -  
277,1925000,"59 WEST 12TH STREET, GREENWICH VILLAGE-CENTRAL, MANHATTAN, NEW YORK, NY, 10011",40.7358109,-73.9967802585854,GREENWICH VILLAGE-CENTRAL,MANHATTAN,10011, -  , -  
279,700000,"25-40 SHORE BOULEVARD, ASTORIA, QUEENS, NEW YORK, NY, 11102",40.7759325,-73.9291039,ASTORIA,QUEENS,11102, -  , -  
285,308359,"1171 39TH STREET, BOROUGH PARK, BROOKLYN, NEW YORK, NY, 11218",40.64222115,-73.9885368825211,BOROUGH PARK,BROOKLYN,11218,3240,1903
286,1770000,"112 WEST 56TH   STREET, MIDTOWN WEST, MANHATTAN, NEW YORK, NY, 10019",40.76374135,-73.9785986979471,MIDTOWN WEST,MANHATTAN,10019, -  , -  
287,340000,"22 EAST 42ND   STREET, FLATBUSH-NORTH, BROOKLYN, NEW YORK, NY, 11203",40.65557825,-73.9387637,FLATBUSH-NORTH,BROOKLYN,11203,1038,4000
289,723000,"65-09 78TH STREET, MIDDLE VILLAGE, QUEENS, NEW YORK, NY, 11379",40.71707215,-73.87512505,MIDDLE VILLAGE,QUEENS,11379,1308,1800
291,320000,"4525 FLATLANDS AVENUE, FLATLANDS, BROOKLYN, NEW YORK, NY, 11234",40.6239866,-73.9314695,FLATLANDS,BROOKLYN,11234,576,4260
292,775000,"45-37 215TH   STREET, BAYSIDE, QUEENS, NEW YORK, NY, 11361",40.767079,-73.769406,BAYSIDE,QUEENS,11361,1488,2858
293,965000,"210-24 33RD   AVENUE, BAYSIDE, QUEENS, NEW YORK, NY, 11361",40.77129995,-73.7773724234091,BAYSIDE,QUEENS,11361,2457,4512
295,1100000,"2975 OCEAN PARKWAY, BRIGHTON BEACH, BROOKLYN, NEW YORK, NY, 11235",40.5786561,-73.9673908757389,BRIGHTON BEACH,BROOKLYN,11235,2480,2925
297,830000,"397 TOMPKINS AVENUE, ROSEBANK, STATEN ISLAND, NEW YORK, NY, 10305",40.6157801,-74.0734725135967,ROSEBANK,STATEN ISLAND,10305,3120,4988
298,349000,"132-48 MAPLE AVENUE, FLUSHING-NORTH, QUEENS, NEW YORK, NY, 11355",40.75410845,-73.8310739116743,FLUSHING-NORTH,QUEENS,11355, -  , -  
299,17310375,"25 MERCER STREET, SOHO, MANHATTAN, NEW YORK, NY, 10013",40.7209122,-74.0020440581002,SOHO,MANHATTAN,10013, -  , -  
300,305000,"52 VOGEL LOOP, WESTERLEIGH, STATEN ISLAND, NEW YORK, NY, 10314",40.6149173573948,-74.1324292382632,WESTERLEIGH,STATEN ISLAND,10314,1515,800
301,435000,"2448 BRONX PARK EAST, BRONXDALE, BRONX, NEW YORK, NY, 10467",40.8627703,-73.8701435269159,BRONXDALE,BRONX,10467,2520,2571
305,465000,"17 SELDIN AVENUE, BULLS HEAD, STATEN ISLAND, NEW YORK, NY, 10314",40.6146889,-74.1601059347333,BULLS HEAD,STATEN ISLAND,10314,1140,6110
307,650000,"185 DUMONT AVENUE, BROWNSVILLE, BROOKLYN, NEW YORK, NY, 11212",40.66376335,-73.9128232590207,BROWNSVILLE,BROOKLYN,11212,4875,2500
312,450000,"2411 LORILLARD PLACE, BELMONT, BRONX, NEW YORK, NY, 10458",40.85684185,-73.8891301612119,BELMONT,BRONX,10458,2140,2250
315,1530000,"1814 AVENUE V, SHEEPSHEAD BAY, BROOKLYN, NEW YORK, NY, 11229",40.597495,-73.9490512,SHEEPSHEAD BAY,BROOKLYN,11229,2912,4000
316,599000,"1794 PACIFIC STREET, CROWN HEIGHTS, BROOKLYN, NEW YORK, NY, 11233",40.6778711,-73.9529347,CROWN HEIGHTS,BROOKLYN,11233,1458,1831
318,635000,"108 NEPTUNE AVENUE, BRIGHTON BEACH, BROOKLYN, NEW YORK, NY, 11235",40.5823834018447,-73.9575495385386,BRIGHTON BEACH,BROOKLYN,11235,0,0
322,409000,"1488 HERKIMER STREET, OCEAN HILL, BROOKLYN, NEW YORK, NY, 11233",40.6770941578947,-73.9045755263158,OCEAN HILL,BROOKLYN,11233,0,2162
325,842092,"1809 EMMONS AVENUE, SHEEPSHEAD BAY, BROOKLYN, NEW YORK, NY, 0",40.5840323,-73.9502102192455,SHEEPSHEAD BAY,BROOKLYN,0,0,0
326,1480000,"1365 56TH   STREET, BOROUGH PARK, BROOKLYN, NEW YORK, NY, 11219",40.6302862,-73.9943688196478,BOROUGH PARK,BROOKLYN,11219,4061,2705
332,512900,"57 ENDVIEW STREET, ANNADALE, STATEN ISLAND, NEW YORK, NY, 10312",40.54146915,-74.1749906017369,ANNADALE,STATEN ISLAND,10312,1700,1759
340,4100000,"173 PACIFIC STREET, COBBLE HILL, BROOKLYN, NEW YORK, NY, 11201",40.6905423,-73.9981135,COBBLE HILL,BROOKLYN,11201,3900,2500
341,752752,"405 MOTHER GASTON BLVD, BROWNSVILLE, BROOKLYN, NEW YORK, NY, 11212",40.66925725,-73.9064484,BROWNSVILLE,BROOKLYN,11212,3642,1917
343,465000,"110-35 213TH   STREET, QUEENS VILLAGE, QUEENS, NEW YORK, NY, 11429",40.70692005,-73.743567451779,QUEENS VILLAGE,QUEENS,11429,1386,3000
345,225000,"54 WELDON STREET, EAST NEW YORK, BROOKLYN, NEW YORK, NY, 11208",40.6798267,-73.8728379,EAST NEW YORK,BROOKLYN,11208,1176,1817
346,520058,"131-05 40TH   ROAD, FLUSHING-NORTH, QUEENS, NEW YORK, NY, 11354",40.7560827,-73.8357912,FLUSHING-NORTH,QUEENS,11354, -  , -  
347,310000,"100-40 222ND   STREET, QUEENS VILLAGE, QUEENS, NEW YORK, NY, 11429",40.71440855,-73.7313756252447,QUEENS VILLAGE,QUEENS,11429,1422,5000
348,629463,"230-01 144TH   AVENUE, ROSEDALE, QUEENS, NEW YORK, NY, 11413",40.6587351,-73.7313241,ROSEDALE,QUEENS,11413,1671,4000
351,1265000,"104-39 44TH AVENUE, CORONA, QUEENS, NEW YORK, NY, 11368",40.7477695,-73.8589978026477,CORONA,QUEENS,11368,3750,2500
353,330000,"20 NEW STREET, PORT RICHMOND, STATEN ISLAND, NEW YORK, NY, 10302",40.6354237,-74.1296462,PORT RICHMOND,STATEN ISLAND,10302,1200,2214
354,6500000,"137 WEST 13TH   STREET, GREENWICH VILLAGE-WEST, MANHATTAN, NEW YORK, NY, 10011",40.73744795,-73.9987113237654,GREENWICH VILLAGE-WEST,MANHATTAN,10011,2395,2395
356,975000,"2257 62ND STREET, BOROUGH PARK, BROOKLYN, NEW YORK, NY, 11204",40.6255014,-73.9960901,BOROUGH PARK,BROOKLYN,11204,1536,1983
357,580000,"110-25 157TH   STREET, SOUTH JAMAICA, QUEENS, NEW YORK, NY, 11433",40.6999118,-73.8006764,SOUTH JAMAICA,QUEENS,11433,2200,3781
358,610000,"135-46 121ST   STREET, SOUTH OZONE PARK, QUEENS, NEW YORK, NY, 11420",40.66895885,-73.8196695637043,SOUTH OZONE PARK,QUEENS,11420,1280,3342
361,873000,"649 EDGEGROVE AVENUE, HUGUENOT, STATEN ISLAND, NEW YORK, NY, 10312",40.5377350882353,-74.1926897058823,HUGUENOT,STATEN ISLAND,10312,2150,4000
362,825000,"635 WEST 42ND STREET, CLINTON, MANHATTAN, NEW YORK, NY, 10036",40.7613106122449,-73.9992501428572,CLINTON,MANHATTAN,10036, -  , -  
363,420000,"2941 GUNTHER AVENUE, BAYCHESTER, BRONX, NEW YORK, NY, 10469",40.86983325,-73.8389832706829,BAYCHESTER,BRONX,10469,1380,3555
365,400000,"394 AMBOY STREET, BROWNSVILLE, BROOKLYN, NEW YORK, NY, 11212",40.66059525,-73.9125849435047,BROWNSVILLE,BROOKLYN,11212,3198,2550
368,518000,"106-32 97TH STREET, OZONE PARK, QUEENS, NEW YORK, NY, 11417",40.67948205,-73.8418431,OZONE PARK,QUEENS,11417,1120,2300
373,663407,"35-26 154TH   STREET, FLUSHING-NORTH, QUEENS, NEW YORK, NY, 11354",40.775349,-73.809551,FLUSHING-NORTH,QUEENS,11354,1360,3000
375,950000,"1653 WEST 12TH STREET, GRAVESEND, BROOKLYN, NEW YORK, NY, 11223",40.6061594,-73.98484365,GRAVESEND,BROOKLYN,11223,2400,2625
377,175000,"1626 CORNELIA STREET, RIDGEWOOD, QUEENS, NEW YORK, NY, 11385",40.69834895,-73.9071958970177,RIDGEWOOD,QUEENS,11385,3192,1890
380,650000,"219-07 JAMAICA AVENUE, QUEENS VILLAGE, QUEENS, NEW YORK, NY, 11428",40.71852495,-73.735947728471,QUEENS VILLAGE,QUEENS,11428,1900,1671
381,445000,"10-21 BEACH 19TH STREET, FAR ROCKAWAY, QUEENS, NEW YORK, NY, 11691",40.599871,-73.752293,FAR ROCKAWAY,QUEENS,11691,2140,2865
382,850000,"2139 59TH STREET, BOROUGH PARK, BROOKLYN, NEW YORK, NY, 11204",40.6181343,-73.9788837586696,BOROUGH PARK,BROOKLYN,11204,2750,2404
383,21000000,"236 WEST 10TH   STREET, GREENWICH VILLAGE-WEST, MANHATTAN, NEW YORK, NY, 10014",40.734784,-73.998714,GREENWICH VILLAGE-WEST,MANHATTAN,10014,20073,4825
387,455000,"4295 VIREO AVENUE, WOODLAWN, BRONX, NEW YORK, NY, 10470",40.89890715,-73.8638731725435,WOODLAWN,BRONX,10470,1286,3581
389,402000,"123 CRYSTAL STREET, EAST NEW YORK, BROOKLYN, NEW YORK, NY, 11208",40.6757535,-73.8743058608921,EAST NEW YORK,BROOKLYN,11208,1720,2000
390,999000,"34 NORTH 7TH STREET, WILLIAMSBURG-NORTH, BROOKLYN, NEW YORK, NY, 11249",40.720655,-73.962433,WILLIAMSBURG-NORTH,BROOKLYN,11249,0,0
395,935000,"3108 FARRAGUT ROAD, FLATBUSH-EAST, BROOKLYN, NEW YORK, NY, 11210",40.6361315,-73.946734871608,FLATBUSH-EAST,BROOKLYN,11210,2582,3000
396,351500,"14 BAR COURT, ROSSVILLE, STATEN ISLAND, NEW YORK, NY, 10309",40.5519373,-74.2154572,ROSSVILLE,STATEN ISLAND,10309,1350,714
399,360000,"25-24 25TH   ROAD, COLLEGE POINT, QUEENS, NEW YORK, NY, 11102",40.7757355,-73.8472005,COLLEGE POINT,QUEENS,11102, -  , -  
400,3000000,"13-11 VIRGINIA STREET, FAR ROCKAWAY, QUEENS, NEW YORK, NY, 11691",40.6101075,-73.7457353924399,FAR ROCKAWAY,QUEENS,11691,31157,40000
401,505000,"2107 BEDFORD AVENUE, FLATBUSH-CENTRAL, BROOKLYN, NEW YORK, NY, 11226",40.65292085,-73.9557298598556,FLATBUSH-CENTRAL,BROOKLYN,11226,0,0
406,455000,"1006 GIPSON ST, FAR ROCKAWAY, QUEENS, NEW YORK, NY, 11691",40.6025156060606,-73.7593883030303,FAR ROCKAWAY,QUEENS,11691,1936,2897
408,840000,"2631 CONEY ISLAND AVENUE, SHEEPSHEAD BAY, BROOKLYN, NEW YORK, NY, 11223",40.5941323,-73.9608719,SHEEPSHEAD BAY,BROOKLYN,11223,2800,2000
410,712775,"149-06 NORTHERN BOULEVARD, FLUSHING-NORTH, QUEENS, NEW YORK, NY, 11354",40.7644325,-73.8253045,FLUSHING-NORTH,QUEENS,11354, -  , -  
411,815000,"655 FRANKLIN AVENUE, CROWN HEIGHTS, BROOKLYN, NEW YORK, NY, 11238",40.6761729230769,-73.9558672307692,CROWN HEIGHTS,BROOKLYN,11238,0,0
414,499999,"461 CRAIG AVENUE, TOTTENVILLE, STATEN ISLAND, NEW YORK, NY, 10307",40.51035715,-74.249206,TOTTENVILLE,STATEN ISLAND,10307,1470,2172
416,597000,"890 GLENMORE AVENUE, EAST NEW YORK, BROOKLYN, NEW YORK, NY, 11208",40.6770049,-73.8699521,EAST NEW YORK,BROOKLYN,11208,3000,1800
417,760000,"11-05 128TH STREET, COLLEGE POINT, QUEENS, NEW YORK, NY, 11356",40.78760215,-73.8398588218303,COLLEGE POINT,QUEENS,11356,1008,3555
419,1375000,"99 PILLING STREET, BUSHWICK, BROOKLYN, NEW YORK, NY, 11207",40.6866,-73.904969,BUSHWICK,BROOKLYN,11207,2700,2000
420,2525000,"2290 ADAMS PLACE, BELMONT, BRONX, NEW YORK, NY, 10458",40.853116,-73.8887317,BELMONT,BRONX,10458,14250,10000
421,3200000,"197 WAVERLY AVENUE, CLINTON HILL, BROOKLYN, NEW YORK, NY, 11205",40.6920412,-73.9673295654899,CLINTON HILL,BROOKLYN,11205,3000,3563
427,435000,"1237 EAST 98TH STREET, CANARSIE, BROOKLYN, NEW YORK, NY, 11236",40.64204145,-73.896941387837,CANARSIE,BROOKLYN,11236,1800,3000
428,1350000,"30 LEFFERTS PLACE, CLINTON HILL, BROOKLYN, NEW YORK, NY, 11238",40.6814784,-73.96246485,CLINTON HILL,BROOKLYN,11238,2100,2000
430,965000,"7823 11TH   AVENUE, DYKER HEIGHTS, BROOKLYN, NEW YORK, NY, 11228",40.62063735,-74.0139005824291,DYKER HEIGHTS,BROOKLYN,11228,1380,1700
431,340000,"62 WEST 47TH   STREET, MIDTOWN WEST, MANHATTAN, NEW YORK, NY, 10036",40.7631519,-73.993986,MIDTOWN WEST,MANHATTAN,10036, -  , -  
433,2225000,"31-41 29TH STREET, ASTORIA, QUEENS, NEW YORK, NY, 11106",40.7639187,-73.9257249470477,ASTORIA,QUEENS,11106,3144,2521
435,1100000,"2320 HUGHES AVENUE, BELMONT, BRONX, NEW YORK, NY, 10458",40.8536216,-73.887516,BELMONT,BRONX,10458,7246,1811
436,569002,"15 GATEWAY DRIVE, GRASMERE, STATEN ISLAND, NEW YORK, NY, 10304",40.60153585,-74.0889754055457,GRASMERE,STATEN ISLAND,10304, -  , -  
437,331000,"12431 FLATLANDS AVENUE, EAST NEW YORK, BROOKLYN, NEW YORK, NY, 11208",40.6578088,-73.8758442920791,EAST NEW YORK,BROOKLYN,11208,0,0
441,420000,"12 SANDY LANE, TOTTENVILLE, STATEN ISLAND, NEW YORK, NY, 10307",40.50353075,-74.2377425127532,TOTTENVILLE,STATEN ISLAND,10307,1100,1152
447,250010,"63 HARMAN STREET, BUSHWICK, BROOKLYN, NEW YORK, NY, 11221",40.6935289,-73.9251334,BUSHWICK,BROOKLYN,11221,1785,1667
450,2220075,"75 WALL STREET, FINANCIAL, MANHATTAN, NEW YORK, NY, 10005",40.7051991,-74.0076662,FINANCIAL,MANHATTAN,10005, -  , -  
451,490000,"824 CRESCENT STREET, EAST NEW YORK, BROOKLYN, NEW YORK, NY, 11208",40.6674749,-73.86829735,EAST NEW YORK,BROOKLYN,11208,2000,2917
454,480000,"4217 AVENUE M, FLATLANDS, BROOKLYN, NEW YORK, NY, 11234",40.6210417,-73.9344036,FLATLANDS,BROOKLYN,11234,2480,2294
455,1130000,"46-30 CENTER BOULEVARD, LONG ISLAND CITY, QUEENS, NEW YORK, NY, 11109",40.7460293,-73.9567706,LONG ISLAND CITY,QUEENS,11109, -  , -  
457,24200000,"105 GRAND AVENUE, CLINTON HILL, BROOKLYN, NEW YORK, NY, 11205",40.6940376923077,-73.9640263846154,CLINTON HILL,BROOKLYN,11205,30000,7500
458,670000,"45 GROTON STREET, GREAT KILLS, STATEN ISLAND, NEW YORK, NY, 10312",40.5358395,-74.1490556467088,GREAT KILLS,STATEN ISLAND,10312,1848,3400
459,475000,"1138 SUTTER AVENUE, EAST NEW YORK, BROOKLYN, NEW YORK, NY, 11208",40.6719879,-73.8760994178635,EAST NEW YORK,BROOKLYN,11208,2280,2250
460,203000,"84-39 153RD AVENUE, HOWARD BEACH, QUEENS, NEW YORK, NY, 11414",40.667102,-73.8485764692208,HOWARD BEACH,QUEENS,11414, -  , -  
465,700000,"161-04 90TH STREET, HOWARD BEACH, QUEENS, NEW YORK, NY, 11414",40.65521485,-73.8420945157285,HOWARD BEACH,QUEENS,11414,1404,4700
466,475000,"138 WARDWELL AVENUE, WESTERLEIGH, STATEN ISLAND, NEW YORK, NY, 10314",40.6199965,-74.1324569489221,WESTERLEIGH,STATEN ISLAND,10314,1364,3200
470,5500000,"28-19 33RD   STREET, ASTORIA, QUEENS, NEW YORK, NY, 11102",40.7670041,-73.9187566525421,ASTORIA,QUEENS,11102,9730,3904
471,900000,"1458 51ST STREET, BOROUGH PARK, BROOKLYN, NEW YORK, NY, 11219",40.63154515,-73.9897748097646,BOROUGH PARK,BROOKLYN,11219,6300,4007
476,171000,"316 BEACH 68TH ST, ARVERNE, QUEENS, NEW YORK, NY, 11692",40.5917199,-73.7967576438694,ARVERNE,QUEENS,11692,2317,5000
481,745000,"363 BERRIMAN STREET, EAST NEW YORK, BROOKLYN, NEW YORK, NY, 11208",40.6695949,-73.8784857666667,EAST NEW YORK,BROOKLYN,11208,2080,2000
483,362000,"917 OLMSTEAD AVENUE, CASTLE HILL/UNIONPORT, BRONX, NEW YORK, NY, 10473",40.82554535,-73.85297815,CASTLE HILL/UNIONPORT,BRONX,10473,1980,4283
485,557500,"112-24 175TH   PLACE, ST. ALBANS, QUEENS, NEW YORK, NY, 11433",40.69477395,-73.7763291377557,ST. ALBANS,QUEENS,11433,1837,4818
487,1050000,"128 NEWTON STREET, GREENPOINT, BROOKLYN, NEW YORK, NY, 11222",40.72029685,-73.9468782,GREENPOINT,BROOKLYN,11222,0,0
489,1150000,"256 80TH STREET, BAY RIDGE, BROOKLYN, NEW YORK, NY, 11209",40.62790185,-74.0303499189256,BAY RIDGE,BROOKLYN,11209,1540,2187
490,310000,"165 HULL STREET, OCEAN HILL, BROOKLYN, NEW YORK, NY, 11233",40.6797872,-73.9102690454061,OCEAN HILL,BROOKLYN,11233,1575,1500
491,612034,"2819 HARING STREET, SHEEPSHEAD BAY, BROOKLYN, NEW YORK, NY, 11235",40.5850965,-73.9377036674,SHEEPSHEAD BAY,BROOKLYN,11235,728,1206
492,410000,"132-03 SANFORD AVENUE, FLUSHING-NORTH, QUEENS, NEW YORK, NY, 11355",40.7551089,-73.8329044007376,FLUSHING-NORTH,QUEENS,11355, -  , -  
497,2225000,"520 WEST 45TH STREET, CLINTON, MANHATTAN, NEW YORK, NY, 10036",40.7618986,-73.995158,CLINTON,MANHATTAN,10036, -  , -  
498,2100000,"250 EAST 54TH   STREET, MIDTOWN EAST, MANHATTAN, NEW YORK, NY, 10022",40.7573351,-73.9670312,MIDTOWN EAST,MANHATTAN,10022, -  , -  
499,680000,"896 PINE STREET, EAST NEW YORK, BROOKLYN, NEW YORK, NY, 11208",40.6633593125,-73.86807728125,EAST NEW YORK,BROOKLYN,11208,1440,4000
500,338000,"1112 HALSEY STREET, BUSHWICK, BROOKLYN, NEW YORK, NY, 11207",40.68911235,-73.9115912238832,BUSHWICK,BROOKLYN,11207,2240,2000
502,775000,"34-23 255TH   STREET, LITTLE NECK, QUEENS, NEW YORK, NY, 11363",40.75988,-73.72478,LITTLE NECK,QUEENS,11363,1073,5400
503,790000,"225 WEST 262ND STREET, RIVERDALE, BRONX, NEW YORK, NY, 10471",40.9103435,-73.8971,RIVERDALE,BRONX,10471,2260,3337
504,30000,"117-05 201ST   PLACE, ST. ALBANS, QUEENS, NEW YORK, NY, 11412",40.6946165,-73.7505077,ST. ALBANS,QUEENS,11412,1056,2500
505,515000,"2245 CRESTON AVENUE, FORDHAM, BRONX, NEW YORK, NY, 10453",40.85690875,-73.901648287075,FORDHAM,BRONX,10453,2900,3000
509,295000,"2121 SHORE PARKWAY, GRAVESEND, BROOKLYN, NEW YORK, NY, 11214",40.5845964,-73.9655978,GRAVESEND,BROOKLYN,11214,0,0
511,145000,"2910 RICHMOND TERRACE, MARINERS HARBOR, STATEN ISLAND, NEW YORK, NY, 10303",40.6367505,-74.157066,MARINERS HARBOR,STATEN ISLAND,10303,1700,1700
525,1030500,"55-21 68TH   STREET, MASPETH, QUEENS, NEW YORK, NY, 11378",40.72707855,-73.896325512703,MASPETH,QUEENS,11378,1596,5000
528,720145,"131-03 40TH   ROAD, FLUSHING-NORTH, QUEENS, NEW YORK, NY, 11354",40.7560827,-73.8357912,FLUSHING-NORTH,QUEENS,11354, -  , -  
531,530000,"172-25 128TH   AVENUE, SPRINGFIELD GARDENS, QUEENS, NEW YORK, NY, 11434",40.682581,-73.731317,SPRINGFIELD GARDENS,QUEENS,11434,2176,3234
533,110000,"68 GREEN STREET, GREENPOINT, BROOKLYN, NEW YORK, NY, 11222",40.7332985,-73.9586555,GREENPOINT,BROOKLYN,11222,0,0
537,1061672,"40-22 COLLEGE POINT BLVD, FLUSHING-NORTH, QUEENS, NEW YORK, NY, 11354",40.7577688,-73.8343948,FLUSHING-NORTH,QUEENS,11354, -  , -  
542,795000,"20 ENDOR AVENUE, EMERSON HILL, STATEN ISLAND, NEW YORK, NY, 10301",40.60824955,-74.1008731295383,EMERSON HILL,STATEN ISLAND,10301,2358,5580
543,1780000,"112 WEST 56TH STREET, MIDTOWN WEST, MANHATTAN, NEW YORK, NY, 10019",40.76374135,-73.9785986979471,MIDTOWN WEST,MANHATTAN,10019, -  , -  
546,1385000,"50-09 2ND STREET, LONG ISLAND CITY, QUEENS, NEW YORK, NY, 11101",40.74297945,-73.9579916027624,LONG ISLAND CITY,QUEENS,11101, -  , -  
547,335000,"5155 POST ROAD, FIELDSTON, BRONX, NEW YORK, NY, 10471",40.8970223,-73.89881535,FIELDSTON,BRONX,10471,1480,2000
548,1721000,"69-72 75TH   STREET, MIDDLE VILLAGE, QUEENS, NEW YORK, NY, 11379",40.7075942,-73.8760413794987,MIDDLE VILLAGE,QUEENS,11379,9000,5750
551,1487500,"648 DECATUR STREET, OCEAN HILL, BROOKLYN, NEW YORK, NY, 11233",40.686845,-73.909439,OCEAN HILL,BROOKLYN,11233,2331,1850
552,1650000,"533 RUTLAND ROAD, FLATBUSH-NORTH, BROOKLYN, NEW YORK, NY, 11203",40.6599383333333,-73.9431305,FLATBUSH-NORTH,BROOKLYN,11203,4125,2000
554,592000,"350 WEST 50TH STREET, MIDTOWN WEST, MANHATTAN, NEW YORK, NY, 10019",40.7627443,-73.9878936,MIDTOWN WEST,MANHATTAN,10019, -  , -  
556,958668,"50 GREENPOINT AVENUE, GREENPOINT, BROOKLYN, NEW YORK, NY, 11222",40.7296692631579,-73.9589284210526,GREENPOINT,BROOKLYN,11222,0,0
557,510000,"307 SEAVER AVENUE, MIDLAND BEACH, STATEN ISLAND, NEW YORK, NY, 10305",40.5799028,-74.0900266,MIDLAND BEACH,STATEN ISLAND,10305,1200,2576
559,310000,"194-36 NASHVILLE BOULEVARD, SPRINGFIELD GARDENS, QUEENS, NEW YORK, NY, 11413",40.686057,-73.7513586913259,SPRINGFIELD GARDENS,QUEENS,11413,1040,3580
566,560000,"66 MARTENSE STREET, FLATBUSH-CENTRAL, BROOKLYN, NEW YORK, NY, 11226",40.6511538,-73.9567577,FLATBUSH-CENTRAL,BROOKLYN,11226,864,2020
567,1255607,"416 WEST 52ND STREET, CLINTON, MANHATTAN, NEW YORK, NY, 10019",40.76492735,-73.9889842856706,CLINTON,MANHATTAN,10019, -  , -  
568,640000,"102-21 91ST AVENUE, RICHMOND HILL, QUEENS, NEW YORK, NY, 11418",40.698258,-73.820378,RICHMOND HILL,QUEENS,11418,1884,2600
570,269851,"536 49TH   STREET, SUNSET PARK, BROOKLYN, NEW YORK, NY, 11220",40.64494595,-74.0089639656579,SUNSET PARK,BROOKLYN,11220,2946,1943
571,1303360,"100 AVENUE A, ALPHABET CITY, MANHATTAN, NEW YORK, NY, 10009",40.729086,-73.981325,ALPHABET CITY,MANHATTAN,10009, -  , -  
572,550000,"712A MONROE ST, BEDFORD STUYVESANT, BROOKLYN, NEW YORK, NY, 11221",40.6878809,-73.9281858,BEDFORD STUYVESANT,BROOKLYN,11221,1368,1425
573,918000,"68-32 147TH   STREET, FLUSHING-SOUTH, QUEENS, NEW YORK, NY, 11367",40.7641974,-73.8192104,FLUSHING-SOUTH,QUEENS,11367,1275,4343
575,3300000,"348 ADELPHI STREET, FORT GREENE, BROOKLYN, NEW YORK, NY, 11238",40.68724225,-73.970887327813,FORT GREENE,BROOKLYN,11238,2618,2200
577,11200000,"144-61 NORTHERN BOULEVARD, FLUSHING-NORTH, QUEENS, NEW YORK, NY, 11354",40.76519855,-73.8212917719712,FLUSHING-NORTH,QUEENS,11354,2900,11820
581,675000,"1322 EAST 14TH   STREET, MIDWOOD, BROOKLYN, NEW YORK, NY, 11230",40.61722535,-73.9610577358891,MIDWOOD,BROOKLYN,11230,0,0
586,575000,"251 BROOKFIELD AVENUE, GREAT KILLS, STATEN ISLAND, NEW YORK, NY, 10308",40.55759375,-74.157972863761,GREAT KILLS,STATEN ISLAND,10308,1280,2450
587,930000,"2140 HARMAN STREET, RIDGEWOOD, QUEENS, NEW YORK, NY, 11385",40.71094465,-73.907438900133,RIDGEWOOD,QUEENS,11385,1750,2500
593,525000,"18 DOCKSIDE LANE, GREAT KILLS, STATEN ISLAND, NEW YORK, NY, 10308",40.54082205,-74.1442287028633,GREAT KILLS,STATEN ISLAND,10308,1260,3518
595,1300000,"749 QUINCY STREET, BEDFORD STUYVESANT, BROOKLYN, NEW YORK, NY, 11221",40.6896781,-73.92860495,BEDFORD STUYVESANT,BROOKLYN,11221,2880,1800
606,920000,"305 WEST 52ND STREET, MIDTOWN WEST, MANHATTAN, NEW YORK, NY, 10019",40.7638127,-73.9855198,MIDTOWN WEST,MANHATTAN,10019, -  , -  
607,104000,"3318 HONE AVENUE, BRONXDALE, BRONX, NEW YORK, NY, 10469",40.862278,-73.85771,BRONXDALE,BRONX,10469,837,2500
608,1550000,"473 HICKS STREET, COBBLE HILL, BROOKLYN, NEW YORK, NY, 11231",40.68661925,-73.9997557008461,COBBLE HILL,BROOKLYN,11231,0,0
611,970000,"64-59 210TH   STREET, OAKLAND GARDENS, QUEENS, NEW YORK, NY, 11364",40.7446712,-73.7661542,OAKLAND GARDENS,QUEENS,11364,2488,4000
614,2300000,"350 WEST 42ND   STREET, MIDTOWN WEST, MANHATTAN, NEW YORK, NY, 10036",40.75784715,-73.9922301135048,MIDTOWN WEST,MANHATTAN,10036, -  , -  
616,480000,"48 UTAH STREET, TOTTENVILLE, STATEN ISLAND, NEW YORK, NY, 10307",40.51330975,-74.2503375986985,TOTTENVILLE,STATEN ISLAND,10307,1680,1790
619,1600000,"20 PINE STREET, FINANCIAL, MANHATTAN, NEW YORK, NY, 10005",40.70773085,-74.0097165272374,FINANCIAL,MANHATTAN,10005, -  , -  
626,1027467,"700 PACIFIC STREET, PROSPECT HEIGHTS, BROOKLYN, NEW YORK, NY, 11217",40.6817512,-73.9721462,PROSPECT HEIGHTS,BROOKLYN,11217,0,0
628,379000,"395 FAIRBANKS AVENUE, OAKWOOD-BEACH, STATEN ISLAND, NEW YORK, NY, 10306",40.5560514,-74.1219832656983,OAKWOOD-BEACH,STATEN ISLAND,10306,1000,2040
630,680000,"88 GREENWICH STREET, FINANCIAL, MANHATTAN, NEW YORK, NY, 10006",40.70791245,-74.014073364447,FINANCIAL,MANHATTAN,10006, -  , -  
632,800000,"1911 CROTONA AVENUE, EAST TREMONT, BRONX, NEW YORK, NY, 10457",40.8447592,-73.8921389691375,EAST TREMONT,BRONX,10457,2331,5300
633,1633333,"640 BALTIC STREET, PARK SLOPE, BROOKLYN, NEW YORK, NY, 11217",40.6799771,-73.97992785,PARK SLOPE,BROOKLYN,11217,3256,2200
637,4916056,"252 EAST 57TH   STREET, MIDTOWN EAST, MANHATTAN, NEW YORK, NY, 10022",40.7590843,-73.9658854984473,MIDTOWN EAST,MANHATTAN,10022, -  , -  
640,125000,"544 WARWICK STREET, EAST NEW YORK, BROOKLYN, NEW YORK, NY, 11207",40.6641165,-73.8829056,EAST NEW YORK,BROOKLYN,11207,0,2500
641,745000,"27-28 THOMSON AVENUE, LONG ISLAND CITY, QUEENS, NEW YORK, NY, 11101",40.7457235,-73.9416170427685,LONG ISLAND CITY,QUEENS,11101, -  , -  
642,915406,"1149 BEDFORD AVENUE, BEDFORD STUYVESANT, BROOKLYN, NEW YORK, NY, 11216",40.6841683,-73.9539044,BEDFORD STUYVESANT,BROOKLYN,11216,0,0
644,1750000,"2361 HOFFMAN STREET, BELMONT, BRONX, NEW YORK, NY, 10458",40.8553473673469,-73.8891722448979,BELMONT,BRONX,10458,2850,4738
645,856081,"131-03 40TH   ROAD, FLUSHING-NORTH, QUEENS, NEW YORK, NY, 11354",40.7560827,-73.8357912,FLUSHING-NORTH,QUEENS,11354, -  , -  
646,780000,"8-29 EMPIRE AVENUE, FAR ROCKAWAY, QUEENS, NEW YORK, NY, 11691",40.605625,-73.744682,FAR ROCKAWAY,QUEENS,11691,1932,3725
654,357869,"194-09 112TH   ROAD, ST. ALBANS, QUEENS, NEW YORK, NY, 11412",40.700797,-73.7610488037325,ST. ALBANS,QUEENS,11412,1532,2942
658,780000,"1072 72ND STREET, DYKER HEIGHTS, BROOKLYN, NEW YORK, NY, 11228",40.6248202,-74.0105759830368,DYKER HEIGHTS,BROOKLYN,11228,1156,1717
661,2060000,"1485 EAST 21ST   STREET, MIDWOOD, BROOKLYN, NEW YORK, NY, 11210",40.61700335,-73.9534180210964,MIDWOOD,BROOKLYN,11210,1916,7000
665,525000,"45-02 DITMARS BLVD, ASTORIA, QUEENS, NEW YORK, NY, 11105",40.7824664,-73.9196722,ASTORIA,QUEENS,11105, -  , -  
669,1202000,"34-21 32ND   STREET, ASTORIA, QUEENS, NEW YORK, NY, 11106",40.75864165,-73.9266497089474,ASTORIA,QUEENS,11106,3139,2100
670,400000,"848 CRESCENT STREET, EAST NEW YORK, BROOKLYN, NEW YORK, NY, 11208",40.66664385,-73.86809125,EAST NEW YORK,BROOKLYN,11208,2000,2983
672,1450000,"749 60TH STREET, SUNSET PARK, BROOKLYN, NEW YORK, NY, 11220",40.6362467,-74.0102913491528,SUNSET PARK,BROOKLYN,11220,3200,2504
673,440000,"106-43 SUTPHIN BOULEVARD, SOUTH JAMAICA, QUEENS, NEW YORK, NY, 11435",40.69436765,-73.80149455,SOUTH JAMAICA,QUEENS,11435,1252,2300
674,565000,"219-70 64TH   AVENUE, OAKLAND GARDENS, QUEENS, NEW YORK, NY, 11364",40.7461839,-73.756726879733,OAKLAND GARDENS,QUEENS,11364, -  , -  
675,876929,"172 WILSON AVENUE, BUSHWICK, BROOKLYN, NEW YORK, NY, 11237",40.6996864,-73.9243038,BUSHWICK,BROOKLYN,11237,0,0
676,1700000,"21-45 44TH   DRIVE, LONG ISLAND CITY, QUEENS, NEW YORK, NY, 11101",40.7474255,-73.9438074,LONG ISLAND CITY,QUEENS,11101, -  , -  
678,1820000,"124 ECKFORD STREET, GREENPOINT, BROOKLYN, NEW YORK, NY, 11222",40.72384175,-73.9486162053344,GREENPOINT,BROOKLYN,11222,1656,2500
683,500000,"1186 BAY STREET, ROSEBANK, STATEN ISLAND, NEW YORK, NY, 10305",40.61423535,-74.0664850686603,ROSEBANK,STATEN ISLAND,10305,2240,2500
684,1552831,"465 PACIFIC STREET, BOERUM HILL, BROOKLYN, NEW YORK, NY, 11217",40.685612,-73.9824221037736,BOERUM HILL,BROOKLYN,11217,0,0
686,865000,"1327 FLATBUSH AVENUE, FLATBUSH-CENTRAL, BROOKLYN, NEW YORK, NY, 11226",40.63884475,-73.9537096892936,FLATBUSH-CENTRAL,BROOKLYN,11226,3075,1452
687,733891,"131-05 40TH   ROAD, FLUSHING-NORTH, QUEENS, NEW YORK, NY, 11354",40.7560827,-73.8357912,FLUSHING-NORTH,QUEENS,11354, -  , -  
688,5875000,"505 WEST 19TH STREET, CHELSEA, MANHATTAN, NEW YORK, NY, 10011",40.7456184,-74.0063144884519,CHELSEA,MANHATTAN,10011, -  , -  
691,360000,"1306 SCHENECTADY AVENUE, FLATBUSH-EAST, BROOKLYN, NEW YORK, NY, 11203",40.6407783,-73.9324483020728,FLATBUSH-EAST,BROOKLYN,11203,1152,2400
692,2139900,"431 SENATOR STREET, BAY RIDGE, BROOKLYN, NEW YORK, NY, 11220",40.6357656,-74.0216868828443,BAY RIDGE,BROOKLYN,11220,3672,4350
693,620000,"103-17 52ND AVENUE, CORONA, QUEENS, NEW YORK, NY, 11368",40.74213695,-73.857662,CORONA,QUEENS,11368,1408,2500
695,510000,"2413 LORILLARD PLACE, BELMONT, BRONX, NEW YORK, NY, 10458",40.85688995,-73.88908835,BELMONT,BRONX,10458,2156,2250
697,910000,"553 55TH STREET, SUNSET PARK, BROOKLYN, NEW YORK, NY, 11220",40.6416036,-74.0116983336416,SUNSET PARK,BROOKLYN,11220,2076,1770
698,1100000,"59-73 FRESH POND ROAD, MASPETH, QUEENS, NEW YORK, NY, 11378",40.7176854,-73.9017769,MASPETH,QUEENS,11378,2635,1858
699,650000,"255 EASTERN PARKWAY, CROWN HEIGHTS, BROOKLYN, NEW YORK, NY, 11238",40.6695714,-73.9449552,CROWN HEIGHTS,BROOKLYN,11238,0,0
704,456300,"1980 STARR STREET, RIDGEWOOD, QUEENS, NEW YORK, NY, 11385",40.707182,-73.921056,RIDGEWOOD,QUEENS,11385, -  , -  
706,541000,"138 BEDFORD AVENUE, WILLIAMSBURG-NORTH, BROOKLYN, NEW YORK, NY, 11249",40.713269,-73.962081,WILLIAMSBURG-NORTH,BROOKLYN,11249,2400,1600
707,1090000,"472 GATES AVENUE, BEDFORD STUYVESANT, BROOKLYN, NEW YORK, NY, 11216",40.68644755,-73.9471028762829,BEDFORD STUYVESANT,BROOKLYN,11216,3300,1600
709,620000,"56 HEMPSTEAD AVENUE, MIDLAND BEACH, STATEN ISLAND, NEW YORK, NY, 10306",40.5722898888889,-74.0916081111111,MIDLAND BEACH,STATEN ISLAND,10306,2470,3812
710,285000,"41 ST AUSTINS PLACE, WEST NEW BRIGHTON, STATEN ISLAND, NEW YORK, NY, 10310",40.63587335,-74.1076441961847,WEST NEW BRIGHTON,STATEN ISLAND,10310,1700,6100
711,810073,"25-46 MCINTOSH ST, EAST ELMHURST, QUEENS, NEW YORK, NY, 11369",40.76357925,-73.8690554,EAST ELMHURST,QUEENS,11369,1736,1480
713,3276673,"337 CARROLL STREET, GOWANUS, BROOKLYN, NEW YORK, NY, 11231",40.6783084,-73.9894551,GOWANUS,BROOKLYN,11231,0,0
716,650000,"1915 ALBANY AVENUE, FLATBUSH-EAST, BROOKLYN, NEW YORK, NY, 11210",40.641603,-73.938012,FLATBUSH-EAST,BROOKLYN,11210,1520,2000
719,850000,"635 WEST 42ND   STREET, CLINTON, MANHATTAN, NEW YORK, NY, 10036",40.7613106122449,-73.9992501428572,CLINTON,MANHATTAN,10036, -  , -  
722,1269000,"21-17 19TH   STREET, ASTORIA, QUEENS, NEW YORK, NY, 11105",40.78254315,-73.916070964944,ASTORIA,QUEENS,11105,2600,2393
724,495000,"188-40 114TH DRIVE, ST. ALBANS, QUEENS, NEW YORK, NY, 11412",40.696875,-73.76504805,ST. ALBANS,QUEENS,11412,1692,4000
726,480000,"100-49 200TH   STREET, HOLLIS, QUEENS, NEW YORK, NY, 11423",40.70930905,-73.7586608,HOLLIS,QUEENS,11423,2523,2500
727,1900000,"43 EAST 25TH STREET, FLATIRON, MANHATTAN, NEW YORK, NY, 10010",40.741918,-73.9862864285714,FLATIRON,MANHATTAN,10010, -  , -  
729,320000,"109-14 153RD   STREET, SOUTH JAMAICA, QUEENS, NEW YORK, NY, 11433",40.6951014,-73.7999838,SOUTH JAMAICA,QUEENS,11433,1220,2275
733,950000,"86-05 58TH   AVENUE, ELMHURST, QUEENS, NEW YORK, NY, 11373",40.73160335,-73.8750205833263,ELMHURST,QUEENS,11373,1083,1826
734,600000,"74 RIDGEWOOD PLACE, WEST NEW BRIGHTON, STATEN ISLAND, NEW YORK, NY, 10301",40.63346,-74.098573962556,WEST NEW BRIGHTON,STATEN ISLAND,10301,1864,2500
736,787500,"2287 JOHNSON AVENUE, RIVERDALE, BRONX, NEW YORK, NY, 10463",40.8884982,-73.9092423,RIVERDALE,BRONX,10463,0,0
741,320000,"111-48 145TH STREET, SOUTH JAMAICA, QUEENS, NEW YORK, NY, 11435",40.68546935,-73.7995082917618,SOUTH JAMAICA,QUEENS,11435,784,1400
742,972428,"416 WEST 52ND STREET, CLINTON, MANHATTAN, NEW YORK, NY, 10019",40.76492735,-73.9889842856706,CLINTON,MANHATTAN,10019, -  , -  
743,560000,"79-52 78TH AVENUE, GLENDALE, QUEENS, NEW YORK, NY, 11385",40.7049603,-73.8696319478491,GLENDALE,QUEENS,11385,1820,1460
751,27500000,"114 EAST 40TH   STREET, MURRAY HILL, MANHATTAN, NEW YORK, NY, 10016",40.75024915,-73.9777519968503,MURRAY HILL,MANHATTAN,10016,26178,3950
752,4320380,"252 EAST 57TH   STREET, MIDTOWN EAST, MANHATTAN, NEW YORK, NY, 10022",40.7590843,-73.9658854984473,MIDTOWN EAST,MANHATTAN,10022, -  , -  
753,937000,"10-09 154TH   STREET, BEECHHURST, QUEENS, NEW YORK, NY, 11357",40.79262685,-73.8068819723366,BEECHHURST,QUEENS,11357,1824,2200
754,970000,"83-10 ST JAMES AVENUE, ELMHURST, QUEENS, NEW YORK, NY, 11373",40.73905675,-73.8796378599181,ELMHURST,QUEENS,11373,2252,2500
756,537000,"4342 248TH STREET, LITTLE NECK, QUEENS, NEW YORK, NY, 11363",40.7700381,-73.7408888,LITTLE NECK,QUEENS,11363,1097,2548
758,600767,"31-44 89TH   STREET, JACKSON HEIGHTS, QUEENS, NEW YORK, NY, 11369",40.75862175,-73.8795557965508,JACKSON HEIGHTS,QUEENS,11369,2060,2000
759,1267813,"39TH   AVENUE, FLUSHING-NORTH, QUEENS, NEW YORK, NY, 11354",40.760785,-73.82807,FLUSHING-NORTH,QUEENS,11354, -  , -  
764,270000,"300 BAY 19TH STREET, A, BATH BEACH, BROOKLYN, NEW YORK, NY, 11214",40.60090345,-74.0084095,BATH BEACH,BROOKLYN,11214,0,0
765,858000,"1675 73RD   STREET, BENSONHURST, BROOKLYN, NEW YORK, NY, 11204",40.610675,-73.988358,BENSONHURST,BROOKLYN,11204,1180,2000
766,900000,"40-26 COLLEGE POINT BLVD, FLUSHING-NORTH, QUEENS, NEW YORK, NY, 11354",40.7577892,-73.8341437,FLUSHING-NORTH,QUEENS,11354, -  , -  
771,735000,"549 ELLSWORTH AVE, THROGS NECK, BRONX, NEW YORK, NY, 10465",40.8258847,-73.8156196,THROGS NECK,BRONX,10465,3393,2345
774,262424,"99 UNION AVENUE, MARINERS HARBOR, STATEN ISLAND, NEW YORK, NY, 10303",40.6342278,-74.1578502578156,MARINERS HARBOR,STATEN ISLAND,10303,1062,2550
777,75000,"117 SANTA MONICA LANE, PRINCES BAY, STATEN ISLAND, NEW YORK, NY, 10309",40.53558045,-74.2120477,PRINCES BAY,STATEN ISLAND,10309, -  ,3103
778,875000,"1634 57TH   STREET, BOROUGH PARK, BROOKLYN, NEW YORK, NY, 11204",40.6259407083333,-73.989336125,BOROUGH PARK,BROOKLYN,11204,0,0
780,570000,"1471 NEW YORK AVENUE, FLATBUSH-EAST, BROOKLYN, NEW YORK, NY, 11210",40.6370387,-73.9449188369198,FLATBUSH-EAST,BROOKLYN,11210,1760,2000
781,1575000,"99 JOHN STREET, FINANCIAL, MANHATTAN, NEW YORK, NY, 10038",40.7083321,-74.0060563899772,FINANCIAL,MANHATTAN,10038, -  , -  
783,639000,"78-33 78TH   STREET, GLENDALE, QUEENS, NEW YORK, NY, 11385",40.7036812,-73.8718445670192,GLENDALE,QUEENS,11385,1170,2158
785,850000,"280 PARK AVENUE SOUTH, FLATIRON, MANHATTAN, NEW YORK, NY, 10010",40.739497,-73.9871445,FLATIRON,MANHATTAN,10010, -  , -  
786,985000,"47-19 38TH   STREET, SUNNYSIDE, QUEENS, NEW YORK, NY, 11101",40.7414678,-73.9273501,SUNNYSIDE,QUEENS,11101,1920,1710
788,3100000,"210 LAFAYETTE STREET, SOHO, MANHATTAN, NEW YORK, NY, 10012",40.7216918,-73.9978781,SOHO,MANHATTAN,10012, -  , -  
794,730000,"427 JEROME STREET, EAST NEW YORK, BROOKLYN, NEW YORK, NY, 11207",40.6563183,-73.8781718,EAST NEW YORK,BROOKLYN,11207,2080,2300
795,1650000,"201-01 NORTHERN BOULEVARD, BAYSIDE, QUEENS, NEW YORK, NY, 11361",40.7578567,-73.7821804494122,BAYSIDE,QUEENS,11361,2800,1415
797,2433600,"540 16TH ST, WINDSOR TERRACE, BROOKLYN, NEW YORK, NY, 11215",40.65830905,-73.9764523003336,WINDSOR TERRACE,BROOKLYN,11215,1692,1700
799,750000,"104-47 LEFFERTS BOULEVARD, RICHMOND HILL, QUEENS, NEW YORK, NY, 11419",40.68498885,-73.8232790603839,RICHMOND HILL,QUEENS,11419,1230,2025
802,999000,"235 VERNON AVENUE, BEDFORD STUYVESANT, BROOKLYN, NEW YORK, NY, 11206",40.69560205,-73.9423067734759,BEDFORD STUYVESANT,BROOKLYN,11206,2139,1783
803,755000,"384 KOSCIUSZKO ST, BEDFORD STUYVESANT, BROOKLYN, NEW YORK, NY, 11221",40.6919199,-73.9388307913472,BEDFORD STUYVESANT,BROOKLYN,11221,2400,2500
804,257000,"156 NORWOOD AVENUE, CYPRESS HILLS, BROOKLYN, NEW YORK, NY, 11208",40.68238685,-73.8795538640514,CYPRESS HILLS,BROOKLYN,11208,2565,3061
805,320000,"199-22 HOLLIS AVENUE, ST. ALBANS, QUEENS, NEW YORK, NY, 11412",40.705985,-73.7578358131486,ST. ALBANS,QUEENS,11412,2480,2724
808,838000,"38-42 216TH   STREET, BAYSIDE, QUEENS, NEW YORK, NY, 11361",40.7662173,-73.7674904971481,BAYSIDE,QUEENS,11361,1751,3325
809,460000,"256 REVERE AVENUE, THROGS NECK, BRONX, NEW YORK, NY, 10465",40.8171917,-73.8171161031972,THROGS NECK,BRONX,10465,1683,2069
811,900000,"1994 BERGEN STREET, OCEAN HILL, BROOKLYN, NEW YORK, NY, 11233",40.67409,-73.9147005,OCEAN HILL,BROOKLYN,11233,0,5334
812,165000,"30-44 29TH   STREET, ASTORIA, QUEENS, NEW YORK, NY, 11102",40.770519,-73.9193958,ASTORIA,QUEENS,11102, -  , -  
814,340000,"251 LORETTO STREET, TOTTENVILLE, STATEN ISLAND, NEW YORK, NY, 10307",40.5047221,-74.2392899463492,TOTTENVILLE,STATEN ISLAND,10307,1488,899
815,1080000,"43-04 147TH STREET, FLUSHING-NORTH, QUEENS, NEW YORK, NY, 11355",40.760627,-73.817682,FLUSHING-NORTH,QUEENS,11355,2296,3010
816,1255000,"15 WILLIAM STREET, FINANCIAL, MANHATTAN, NEW YORK, NY, 10005",40.7052902,-74.0102146,FINANCIAL,MANHATTAN,10005, -  , -  
819,7663349,"443 GREENWICH ST, TRIBECA, MANHATTAN, NEW YORK, NY, 10013",40.722896,-74.009524,TRIBECA,MANHATTAN,10013, -  , -  
820,1200000,"47-33 LITTLE NECK PARKWAY, LITTLE NECK, QUEENS, NEW YORK, NY, 11362",40.7697697,-73.7322636515171,LITTLE NECK,QUEENS,11362,3500,7065
821,665900,"21 GREAVES COURT, GREAT KILLS, STATEN ISLAND, NEW YORK, NY, 10308",40.5563339,-74.1468748,GREAT KILLS,STATEN ISLAND,10308,1716,5250
828,1123129,"310 WEST 52ND   STREET, MIDTOWN WEST, MANHATTAN, NEW YORK, NY, 10019",40.7635767,-73.9859259335561,MIDTOWN WEST,MANHATTAN,10019, -  , -  
829,734000,"84-30 263RD   STREET, FLORAL PARK, QUEENS, NEW YORK, NY, 11001",40.7369312,-73.7055199505519,FLORAL PARK,QUEENS,11001,2671,4000
838,880000,"46-43 247TH   STREET, DOUGLASTON, QUEENS, NEW YORK, NY, 11362",40.768509,-73.741267,DOUGLASTON,QUEENS,11362,1100,4450
839,818888,"69-69 74TH   STREET, MIDDLE VILLAGE, QUEENS, NEW YORK, NY, 11379",40.7075445,-73.8764744001453,MIDDLE VILLAGE,QUEENS,11379,1920,1300
841,14957,"42-60 CRESCENT STREET, LONG ISLAND CITY, QUEENS, NEW YORK, NY, 11101",40.74919945,-73.9421309693457,LONG ISLAND CITY,QUEENS,11101, -  , -  
842,827739,"299 WEST 12TH STREET, GREENWICH VILLAGE-WEST, MANHATTAN, NEW YORK, NY, 10014",40.736032,-73.997805,GREENWICH VILLAGE-WEST,MANHATTAN,10014, -  , -  
844,250000,"220-03 146TH   AVENUE, ROSEDALE, QUEENS, NEW YORK, NY, 11413",40.65817,-73.744956,ROSEDALE,QUEENS,11413,1385,4000
846,999000,"151-75 19TH AVENUE, WHITESTONE, QUEENS, NEW YORK, NY, 11357",40.7817754,-73.8090700427047,WHITESTONE,QUEENS,11357,1480,5500
847,1800000,"1 HANSON PLACE, FORT GREENE, BROOKLYN, NEW YORK, NY, 11217",40.6855462,-73.9777235818254,FORT GREENE,BROOKLYN,11217,0,0
848,1520000,"1370 DEAN STREET, CROWN HEIGHTS, BROOKLYN, NEW YORK, NY, 11216",40.67632485,-73.9433312932147,CROWN HEIGHTS,BROOKLYN,11216,3204,3051
851,700000,"104-11 NORTHERN BOULEVARD, EAST ELMHURST, QUEENS, NEW YORK, NY, 11368",40.7582033,-73.8569603,EAST ELMHURST,QUEENS,11368, -  ,2185
852,409000,"185 EAST 2ND STREET, C, ALPHABET CITY, MANHATTAN, NEW YORK, NY, 10009",40.7221746,-73.984374595098,ALPHABET CITY,MANHATTAN,10009, -  , -  
853,1106570,"131-03 40TH   ROAD, FLUSHING-NORTH, QUEENS, NEW YORK, NY, 11354",40.7560827,-73.8357912,FLUSHING-NORTH,QUEENS,11354, -  , -  
854,7100000,"344 EAST 51ST   STREET, MIDTOWN EAST, MANHATTAN, NEW YORK, NY, 10022",40.7547425,-73.9665371,MIDTOWN EAST,MANHATTAN,10022,5812,2008
857,499000,"1369 BAY RIDGE AVENUE, DYKER HEIGHTS, BROOKLYN, NEW YORK, NY, 11219",40.622873109551,-74.0023490355684,DYKER HEIGHTS,BROOKLYN,11219,0,0
861,505000,"151-48 133RD   AVENUE, SPRINGFIELD GARDENS, QUEENS, NEW YORK, NY, 11434",40.674558,-73.73003,SPRINGFIELD GARDENS,QUEENS,11434,1400,3200
863,775000,"70 DOSCHER ST, EAST NEW YORK, BROOKLYN, NEW YORK, NY, 11208",40.6757099,-73.8728835,EAST NEW YORK,BROOKLYN,11208,2663,1746
864,509600,"135-50 228TH   STREET, LAURELTON, QUEENS, NEW YORK, NY, 11413",40.67396295,-73.7441840561694,LAURELTON,QUEENS,11413,1568,6000
866,475000,"405 MANHATTAN STREET, TOTTENVILLE, STATEN ISLAND, NEW YORK, NY, 10307",40.5001225,-74.24070165,TOTTENVILLE,STATEN ISLAND,10307,1472,2833
867,378000,"109-53 130TH   STREET, SOUTH OZONE PARK, QUEENS, NEW YORK, NY, 11420",40.6673677,-73.8102415,SOUTH OZONE PARK,QUEENS,11420,1280,2840
868,590000,"3-23 125TH   STREET, COLLEGE POINT, QUEENS, NEW YORK, NY, 11356",40.7678577,-73.8440311,COLLEGE POINT,QUEENS,11356,1534,2000
872,550000,"104-28 199TH STREET, HOLLIS, QUEENS, NEW YORK, NY, 11412",40.7077393,-73.7594967539017,HOLLIS,QUEENS,11412,1800,3000
874,2200000,"814 DEAN STREET, CROWN HEIGHTS, BROOKLYN, NEW YORK, NY, 11238",40.6770596,-73.9529889,CROWN HEIGHTS,BROOKLYN,11238,0,0
875,305000,"134-24 243RD STREET, ROSEDALE, QUEENS, NEW YORK, NY, 11422",40.6640544,-73.736527,ROSEDALE,QUEENS,11422,917,4000
876,275000,"181 BUTTRICK AVENUE, THROGS NECK, BRONX, NEW YORK, NY, 10465",40.813349,-73.8236092403262,THROGS NECK,BRONX,10465,0,0
878,210000,"464 BAY RIDGE PARKWAY, BAY RIDGE, BROOKLYN, NEW YORK, NY, 11209",40.6297294,-74.0234896166985,BAY RIDGE,BROOKLYN,11209,2642,2000
881,630000,"12 WATERSIDE PARKWAY, GREAT KILLS, STATEN ISLAND, NEW YORK, NY, 10308",40.5466442,-74.14025925,GREAT KILLS,STATEN ISLAND,10308,1650,5360
886,450000,"87-09 97TH AVENUE, OZONE PARK, QUEENS, NEW YORK, NY, 11416",40.685722,-73.847608,OZONE PARK,QUEENS,11416,1408,5000
892,1050000,"618 WASHINGTON AVENUE, PROSPECT HEIGHTS, BROOKLYN, NEW YORK, NY, 11238",40.6800467,-73.9644476517522,PROSPECT HEIGHTS,BROOKLYN,11238,0,0
896,452000,"212-19 JAMAICA AVENUE, QUEENS VILLAGE, QUEENS, NEW YORK, NY, 11428",40.71601915,-73.7463818119,QUEENS VILLAGE,QUEENS,11428,1664,1680
900,390000,"114 WALWORTH STREET, BEDFORD STUYVESANT, BROOKLYN, NEW YORK, NY, 11205",40.6955332580645,-73.9545638064516,BEDFORD STUYVESANT,BROOKLYN,11205,0,0
901,70000,"60-70 WOODHAVEN BOULEVARD, MIDDLE VILLAGE, QUEENS, NEW YORK, NY, 11373",40.7261604,-73.8703143,MIDDLE VILLAGE,QUEENS,11373, -  , -  
903,352000,"22 BACHE STREET, PORT RICHMOND, STATEN ISLAND, NEW YORK, NY, 10302",40.62844545,-74.13151375,PORT RICHMOND,STATEN ISLAND,10302,1120,2108
904,600000,"22-26 124TH   STREET, COLLEGE POINT, QUEENS, NEW YORK, NY, 11356",40.77935265,-73.8444010515647,COLLEGE POINT,QUEENS,11356,879,2500
905,615000,"60 APPLEBY AVENUE, SOUTH BEACH, STATEN ISLAND, NEW YORK, NY, 10305",40.5913676875,-74.0795447083333,SOUTH BEACH,STATEN ISLAND,10305,1352,2500
906,545000,"5-17 129TH   STREET, COLLEGE POINT, QUEENS, NEW YORK, NY, 11356",40.780152,-73.839684,COLLEGE POINT,QUEENS,11356, -  , -  
908,1181170,"42-60 CRESCENT STREET, LONG ISLAND CITY, QUEENS, NEW YORK, NY, 11101",40.74919945,-73.9421309693457,LONG ISLAND CITY,QUEENS,11101, -  , -  
909,1880000,"1 HANSON PLACE, FORT GREENE, BROOKLYN, NEW YORK, NY, 11217",40.6855462,-73.9777235818254,FORT GREENE,BROOKLYN,11217,0,0
910,109293,"379 EAST 98TH   STREET, BROWNSVILLE, BROOKLYN, NEW YORK, NY, 11212",40.6590703333333,-73.9161713703704,BROWNSVILLE,BROOKLYN,11212,0,810
912,682227,"1059 MANHATTAN AVENUE, GREENPOINT, BROOKLYN, NEW YORK, NY, 11222",40.7348999090909,-73.9551412727273,GREENPOINT,BROOKLYN,11222,0,0
915,355000,"115-08 217TH   STREET, CAMBRIA HEIGHTS, QUEENS, NEW YORK, NY, 11411",40.7007774,-73.74053915,CAMBRIA HEIGHTS,QUEENS,11411,1554,2200
916,840056,"2711 HARDING AVENUE, THROGS NECK, BRONX, NEW YORK, NY, 10465",40.8148364,-73.8225452,THROGS NECK,BRONX,10465,3250,3900
919,630000,"244 OCEANVIEW AVENUE, BRIGHTON BEACH, BROOKLYN, NEW YORK, NY, 11235",40.5787472,-73.96527705861,BRIGHTON BEACH,BROOKLYN,11235,1408,2000
921,635000,"2833 OCEAN PARKWAY, BRIGHTON BEACH, BROOKLYN, NEW YORK, NY, 11235",40.5806476,-73.9670355,BRIGHTON BEACH,BROOKLYN,11235,0,0
922,1199000,"11871 80TH   ROAD, KEW GARDENS, QUEENS, NEW YORK, NY, 11415",40.7110355918367,-73.8342212244898,KEW GARDENS,QUEENS,11415,4088,2613
924,475000,"2321 HEALY, FAR ROCKAWAY, QUEENS, NEW YORK, NY, 11691",40.604266,-73.765195,FAR ROCKAWAY,QUEENS,11691,2057,5320
926,8200000,"1301-1311 AVENUE J, MIDWOOD, BROOKLYN, NEW YORK, NY, 11230",40.625077,-73.963103,MIDWOOD,BROOKLYN,11230,30000,18000
927,238290,"145 LINCOLN AVENUE, GRANT CITY, STATEN ISLAND, NEW YORK, NY, 10306",40.5790428,-74.1075980424489,GRANT CITY,STATEN ISLAND,10306, -  , -  
928,1200000,"40 BROAD STREET, FINANCIAL, MANHATTAN, NEW YORK, NY, 10004",40.7059776,-74.0115846,FINANCIAL,MANHATTAN,10004, -  , -  
930,879000,"6912 AVENUE M, BERGEN BEACH, BROOKLYN, NEW YORK, NY, 11234",40.6237559,-73.9135547,BERGEN BEACH,BROOKLYN,11234,2920,5079
931,1150000,"90-10 43RD AVENUE, ELMHURST, QUEENS, NEW YORK, NY, 11373",40.7429078,-73.8752415295892,ELMHURST,QUEENS,11373,2450,2000
934,1100000,"2506 NEWKIRK AVENUE, FLATBUSH-CENTRAL, BROOKLYN, NEW YORK, NY, 11226",40.6395025,-73.9527921235423,FLATBUSH-CENTRAL,BROOKLYN,11226,3933,5000
938,975000,"550 VANDERBILT AVENUE, PROSPECT HEIGHTS, BROOKLYN, NEW YORK, NY, 11238",40.6803931,-73.9681304,PROSPECT HEIGHTS,BROOKLYN,11238,0,0
940,250000,"330 HARBOR ROAD, MARINERS HARBOR, STATEN ISLAND, NEW YORK, NY, 10303",40.62832715,-74.1606775501,MARINERS HARBOR,STATEN ISLAND,10303,1057,3345
943,589566,"149 ELSON STREET, BULLS HEAD, STATEN ISLAND, NEW YORK, NY, 10314",40.617946,-74.166038,BULLS HEAD,STATEN ISLAND,10314,1884,2369
947,740000,"80-19 160TH   AVENUE, HOWARD BEACH, QUEENS, NEW YORK, NY, 11414",40.65606715,-73.85097965,HOWARD BEACH,QUEENS,11414,2100,4140
948,3150000,"407 GREENWICH STREET, TRIBECA, MANHATTAN, NEW YORK, NY, 10013",40.7211291428571,-74.0098804285714,TRIBECA,MANHATTAN,10013, -  , -  
957,245000,"26 ASHLEY LANE, ROSSVILLE, STATEN ISLAND, NEW YORK, NY, 10309",40.5470102,-74.21808045,ROSSVILLE,STATEN ISLAND,10309,1870,929
959,940000,"136 ST MARKS PLACE, PARK SLOPE, BROOKLYN, NEW YORK, NY, 11217",40.68079405,-73.9778954987947,PARK SLOPE,BROOKLYN,11217,0,0
960,330000,"2710 CRUGER AVENUE, BRONXDALE, BRONX, NEW YORK, NY, 10467",40.865680050505,-73.8662264646465,BRONXDALE,BRONX,10467,1690,2500
965,1005136,"138-35 39TH   AVENUE, FLUSHING-NORTH, QUEENS, NEW YORK, NY, 11354",40.7610935,-73.8273096,FLUSHING-NORTH,QUEENS,11354, -  , -  
966,5916032,"50 WEST STREET, FINANCIAL, MANHATTAN, NEW YORK, NY, 10006",40.7077639,-74.0150151418802,FINANCIAL,MANHATTAN,10006, -  , -  
968,775000,"42 SHAW PLACE, WESTERLEIGH, STATEN ISLAND, NEW YORK, NY, 10302",40.622407,-74.1332409,WESTERLEIGH,STATEN ISLAND,10302,2264,11440
970,450000,"221-34 DAVENPORT AVENUE, QUEENS VILLAGE, QUEENS, NEW YORK, NY, 11428",40.72481655,-73.7355538,QUEENS VILLAGE,QUEENS,11428,1136,2500
974,415740,"107-16 37TH   AVENUE, CORONA, QUEENS, NEW YORK, NY, 11368",40.7537727,-73.8609713,CORONA,QUEENS,11368, -  , -  
975,785000,"256 BEACH 135TH STREET, BELLE HARBOR, QUEENS, NEW YORK, NY, 11694",40.57560055,-73.85343955,BELLE HARBOR,QUEENS,11694,1548,3000
976,840000,"742 UNION STREET, PARK SLOPE, BROOKLYN, NEW YORK, NY, 11215",40.6754686,-73.9785757,PARK SLOPE,BROOKLYN,11215,0,0
981,1310000,"84-38 57TH   ROAD, ELMHURST, QUEENS, NEW YORK, NY, 11373",40.7306356,-73.8771010575635,ELMHURST,QUEENS,11373,2850,1975
983,505000,"66-70 79TH   STREET, MIDDLE VILLAGE, QUEENS, NEW YORK, NY, 11379",40.71376545,-73.874695945806,MIDDLE VILLAGE,QUEENS,11379, -  , -  
984,669741,"131-05 40TH   ROAD, FLUSHING-NORTH, QUEENS, NEW YORK, NY, 11354",40.7560827,-73.8357912,FLUSHING-NORTH,QUEENS,11354, -  , -  
985,830000,"1853 54TH   STREET, BOROUGH PARK, BROOKLYN, NEW YORK, NY, 11204",40.626756,-73.985966,BOROUGH PARK,BROOKLYN,11204,1036,2204
986,145105,"69-23 HESSLER AVENUE, ARVERNE, QUEENS, NEW YORK, NY, 11692",40.59388535,-73.7994333525655,ARVERNE,QUEENS,11692,1925,3000
991,560000,"273 NEAL DOW AVENUE, WESTERLEIGH, STATEN ISLAND, NEW YORK, NY, 10314",40.61700435,-74.135642479424,WESTERLEIGH,STATEN ISLAND,10314,1648,6000
993,11100000,"189 MONTAGUE STREET, BROOKLYN HEIGHTS, BROOKLYN, NEW YORK, NY, 11201",40.6942001,-73.9916917,BROOKLYN HEIGHTS,BROOKLYN,11201,0,10000
997,1870000,"35 MONROE STREET, BEDFORD STUYVESANT, BROOKLYN, NEW YORK, NY, 11238",40.6848056,-73.9577601457606,BEDFORD STUYVESANT,BROOKLYN,11238,2916,1509
999,512000,"1394 EAST 52ND STREET, FLATLANDS, BROOKLYN, NEW YORK, NY, 11234",40.6255271,-73.9259013559058,FLATLANDS,BROOKLYN,11234,1744,2217
